user_id,date,duration,item,month,network,network_type,total_cost
7,15-10-2014 6:58,34.429,data,2014-11,data,data,2.09
11,15-10-2014 6:58,13,call,2014-11,Vodafone,mobile,1.93
28,15-10-2014 14:46,23,call,2014-11,Meteor,mobile,0.14
23,15-10-2014 14:48,4,call,2014-11,Tesco,mobile,1.43
6,15-10-2014 17:27,4,call,2014-11,Tesco,mobile,1.34
1,15-10-2014 18:55,4,call,2014-11,Tesco,mobile,0.14
6,16-10-2014 6:58,34.429,data,2014-11,data,data,4.81
31,16-10-2014 15:01,602,call,2014-11,Three,mobile,2.30
28,16-10-2014 15:12,1050,call,2014-11,Three,mobile,6.32
26,16-10-2014 15:30,19,call,2014-11,voicemail,voicemail,1.42
21,16-10-2014 16:21,1183,call,2014-11,Three,mobile,2.87
26,16-10-2014 22:18,1,sms,2014-11,Meteor,mobile,1.92
3,16-10-2014 22:21,1,sms,2014-11,Meteor,mobile,14.47
10,17-10-2014 6:58,34.429,data,2014-11,data,data,3.70
24,17-10-2014 10:53,1,sms,2014-11,Tesco,mobile,3.22
32,17-10-2014 11:19,1,sms,2014-11,Tesco,mobile,6.49
19,17-10-2014 11:20,1,sms,2014-11,Meteor,mobile,8.58
20,17-10-2014 17:22,1,sms,2014-11,Vodafone,mobile,2.89
2,17-10-2014 17:23,1,sms,2014-11,Vodafone,mobile,0.64
7,17-10-2014 17:26,92,call,2014-11,Three,mobile,3.25
17,17-10-2014 17:29,4,call,2014-11,Vodafone,mobile,3.83
1,17-10-2014 17:30,375,call,2014-11,Tesco,mobile,1.83
8,17-10-2014 17:42,1,sms,2014-11,Vodafone,mobile,2.74
35,17-10-2014 17:44,1,sms,2014-11,Vodafone,mobile,1.91
35,17-10-2014 17:44,1,sms,2014-11,Vodafone,mobile,5.93
21,17-10-2014 17:44,1,sms,2014-11,Vodafone,mobile,6.80
20,18-10-2014 6:58,34.429,data,2014-11,data,data,1.03
22,18-10-2014 11:51,783,call,2014-11,Tesco,mobile,1.12
34,18-10-2014 12:06,4,call,2014-11,Vodafone,mobile,7.07
23,18-10-2014 12:06,3,call,2014-11,Vodafone,mobile,1.90
30,18-10-2014 13:08,101,call,2014-11,Vodafone,mobile,7.25
3,18-10-2014 13:10,1714,call,2014-11,Three,mobile,2.90
6,18-10-2014 14:01,96,call,2014-11,voicemail,voicemail,0.44
4,18-10-2014 18:52,1,sms,2014-11,Vodafone,mobile,7.47
14,18-10-2014 20:44,384,call,2014-11,Three,mobile,3.66
10,18-10-2014 21:04,4,call,2014-11,Three,mobile,0.24
20,18-10-2014 21:06,1,sms,2014-11,Three,mobile,6.79
4,18-10-2014 21:23,1,sms,2014-11,Vodafone,mobile,0.61
7,18-10-2014 22:37,1,sms,2014-11,Three,mobile,4.97
13,19-10-2014 6:58,34.429,data,2014-11,data,data,0.49
34,19-10-2014 14:47,53,call,2014-11,Three,mobile,0.46
33,19-10-2014 15:46,86,call,2014-11,Tesco,mobile,7.47
8,19-10-2014 16:21,23,call,2014-11,Three,mobile,4.88
21,19-10-2014 16:30,38,call,2014-11,Three,mobile,0.88
24,19-10-2014 20:25,428,call,2014-11,Three,mobile,2.70
34,20-10-2014 6:58,34.429,data,2014-11,data,data,8.17
6,20-10-2014 9:43,69,call,2014-11,voicemail,voicemail,6.28
24,20-10-2014 9:43,18,call,2014-11,voicemail,voicemail,1.00
7,20-10-2014 13:55,3,call,2014-11,Vodafone,mobile,0.57
19,20-10-2014 13:56,6,call,2014-11,landline,landline,0.36
33,20-10-2014 18:14,5,call,2014-11,Tesco,mobile,1.38
22,20-10-2014 18:24,131,call,2014-11,Vodafone,mobile,8.47
3,20-10-2014 19:59,1,sms,2014-11,Vodafone,mobile,6.66
8,20-10-2014 20:16,1,sms,2014-11,Vodafone,mobile,5.16
19,21-10-2014 6:58,34.429,data,2014-11,data,data,4.87
25,21-10-2014 16:17,550,call,2014-11,Three,mobile,3.74
14,22-10-2014 6:58,34.429,data,2014-11,data,data,7.66
6,22-10-2014 12:04,7,call,2014-11,Three,mobile,4.75
34,23-10-2014 6:58,34.429,data,2014-11,data,data,6.70
14,23-10-2014 8:34,1940,call,2014-11,landline,landline,0.54
33,23-10-2014 9:45,281,call,2014-11,Meteor,mobile,1.86
30,23-10-2014 10:46,1,sms,2014-11,Tesco,mobile,0.27
33,23-10-2014 10:54,1,sms,2014-11,Vodafone,mobile,0.44
22,23-10-2014 11:17,1,sms,2014-11,Vodafone,mobile,2.96
4,23-10-2014 11:25,24,call,2014-11,Vodafone,mobile,4.90
4,23-10-2014 17:48,263,call,2014-11,Meteor,mobile,3.63
24,24-10-2014 6:58,34.429,data,2014-11,data,data,2.77
2,24-10-2014 13:35,1,sms,2014-11,Vodafone,mobile,9.13
23,24-10-2014 13:39,1,sms,2014-11,Vodafone,mobile,7.83
9,24-10-2014 13:39,1,sms,2014-11,Vodafone,mobile,4.33
5,24-10-2014 13:47,1,sms,2014-11,Vodafone,mobile,4.84
31,24-10-2014 13:48,1,sms,2014-11,Vodafone,mobile,5.53
10,24-10-2014 13:50,1,sms,2014-11,Vodafone,mobile,0.06
12,24-10-2014 13:57,1,sms,2014-11,Vodafone,mobile,6.07
12,24-10-2014 13:57,1,sms,2014-11,Vodafone,mobile,11.75
7,24-10-2014 14:20,1,sms,2014-11,Three,mobile,4.76
16,24-10-2014 14:27,1,sms,2014-11,Vodafone,mobile,9.11
24,24-10-2014 18:29,1,sms,2014-11,Vodafone,mobile,1.55
11,24-10-2014 18:33,387,call,2014-11,Tesco,mobile,3.94
16,24-10-2014 18:40,1,sms,2014-11,Vodafone,mobile,0.94
24,25-10-2014 6:58,34.429,data,2014-11,data,data,3.42
13,26-10-2014 6:58,34.429,data,2014-11,data,data,3.73
10,26-10-2014 14:51,4,call,2014-11,Three,mobile,1.37
18,26-10-2014 21:10,637,call,2014-11,Tesco,mobile,2.44
19,26-10-2014 21:22,28,call,2014-11,Meteor,mobile,1.96
3,26-10-2014 21:38,62,call,2014-11,Three,mobile,11.64
11,27-10-2014 1:45,3,call,2014-11,Tesco,mobile,6.16
20,27-10-2014 6:58,34.429,data,2014-11,data,data,0.18
8,27-10-2014 11:03,146,call,2014-11,Three,mobile,0.73
14,27-10-2014 16:30,48,call,2014-11,Three,mobile,2.71
21,27-10-2014 19:20,862,call,2014-11,Three,mobile,3.73
5,27-10-2014 19:55,25,call,2014-11,Three,mobile,11.95
15,28-10-2014 6:58,34.429,data,2014-11,data,data,2.72
28,28-10-2014 16:39,833,call,2014-11,landline,landline,0.14
32,28-10-2014 20:44,206,call,2014-11,Tesco,mobile,1.03
26,29-10-2014 6:58,34.429,data,2014-11,data,data,7.35
29,29-10-2014 12:56,442,call,2014-11,Vodafone,mobile,4.39
3,30-10-2014 6:58,34.429,data,2014-11,data,data,11.15
10,30-10-2014 14:31,463,call,2014-11,Vodafone,mobile,1.59
32,30-10-2014 19:48,4,call,2014-11,Vodafone,mobile,2.21
24,30-10-2014 20:02,4,call,2014-11,Meteor,mobile,14.85
15,31-10-2014 6:58,34.429,data,2014-11,data,data,1.95
3,31-10-2014 7:46,1,sms,2014-11,Vodafone,mobile,0.41
5,31-10-2014 8:00,1,sms,2014-11,Vodafone,mobile,5.33
3,31-10-2014 13:26,5,call,2014-11,Three,mobile,8.67
29,31-10-2014 13:27,1234,call,2014-11,Tesco,mobile,2.19
28,31-10-2014 14:10,43,call,2014-11,Three,mobile,4.12
4,31-10-2014 18:29,1,sms,2014-11,Three,mobile,0.94
5,31-10-2014 18:29,1,sms,2014-11,Three,mobile,0.67
26,31-10-2014 18:30,483,call,2014-11,Meteor,mobile,9.28
25,31-10-2014 18:39,3,call,2014-11,Tesco,mobile,1.59
1,01-11-2014 6:58,34.429,data,2014-11,data,data,9.56
25,01-11-2014 15:13,955,call,2014-11,Vodafone,mobile,0.83
19,01-11-2014 17:54,4,call,2014-11,Tesco,mobile,9.64
11,02-11-2014 6:58,34.429,data,2014-11,data,data,0.38
20,02-11-2014 14:34,459,call,2014-11,Three,mobile,3.04
23,02-11-2014 15:44,1023,call,2014-11,Three,mobile,2.63
21,02-11-2014 19:16,1025,call,2014-11,Three,mobile,1.72
14,02-11-2014 21:42,169,call,2014-11,Meteor,mobile,6.27
27,02-11-2014 22:55,8,call,2014-11,Meteor,mobile,2.43
22,03-11-2014 6:58,34.429,data,2014-11,data,data,2.90
30,03-11-2014 8:40,1,sms,2014-11,special,special,0.71
5,03-11-2014 10:30,135,call,2014-11,Three,mobile,9.56
10,03-11-2014 10:37,7,call,2014-11,Vodafone,mobile,0.31
32,03-11-2014 10:47,37,call,2014-11,Vodafone,mobile,8.46
25,03-11-2014 14:04,1,sms,2014-11,Vodafone,mobile,0.34
5,03-11-2014 15:27,5,call,2014-11,Three,mobile,0.56
4,03-11-2014 16:07,123,call,2014-11,landline,landline,4.00
4,03-11-2014 16:10,4,call,2014-11,Tesco,mobile,8.70
16,03-11-2014 17:03,90,call,2014-11,Vodafone,mobile,1.99
26,03-11-2014 22:36,3,call,2014-11,Tesco,mobile,0.01
10,04-11-2014 6:58,34.429,data,2014-11,data,data,6.78
30,04-11-2014 11:58,1,sms,2014-11,Vodafone,mobile,0.40
14,04-11-2014 11:58,1,sms,2014-11,Vodafone,mobile,11.99
21,04-11-2014 13:12,1,sms,2014-11,Three,mobile,2.80
14,04-11-2014 14:05,1,sms,2014-11,Three,mobile,4.36
6,04-11-2014 14:26,1,call,2014-11,voicemail,voicemail,1.91
18,04-11-2014 14:26,98,call,2014-11,voicemail,voicemail,7.67
13,04-11-2014 16:13,1,sms,2014-11,Three,mobile,1.92
14,04-11-2014 16:19,8,call,2014-11,Meteor,mobile,2.63
19,04-11-2014 16:22,9,call,2014-11,Meteor,mobile,7.28
3,04-11-2014 16:24,4,call,2014-11,Meteor,mobile,13.56
35,04-11-2014 16:34,1,sms,2014-11,Three,mobile,0.34
32,04-11-2014 16:39,1,sms,2014-11,Meteor,mobile,1.04
13,04-11-2014 16:41,1,sms,2014-11,Meteor,mobile,4.34
34,04-11-2014 16:45,1,sms,2014-11,Three,mobile,2.78
2,04-11-2014 18:26,4,call,2014-11,Tesco,mobile,3.50
21,04-11-2014 20:15,11,call,2014-11,Three,mobile,0.01
32,04-11-2014 20:15,1,sms,2014-11,Meteor,mobile,0.66
30,04-11-2014 20:15,1,sms,2014-11,Meteor,mobile,3.48
35,04-11-2014 20:16,166,call,2014-11,Meteor,mobile,2.79
6,05-11-2014 6:58,34.429,data,2014-11,data,data,1.29
3,05-11-2014 10:59,55,call,2014-11,Three,mobile,2.45
26,05-11-2014 11:30,1,sms,2014-11,Vodafone,mobile,13.98
32,05-11-2014 11:43,1,sms,2014-11,Vodafone,mobile,2.12
28,05-11-2014 12:43,1,sms,2014-11,Vodafone,mobile,8.47
9,05-11-2014 19:35,29,call,2014-11,Vodafone,mobile,1.76
23,06-11-2014 1:02,1,sms,2014-11,Vodafone,mobile,3.93
26,06-11-2014 1:02,1,sms,2014-11,Vodafone,mobile,1.85
28,06-11-2014 6:58,34.429,data,2014-11,data,data,2.85
9,06-11-2014 9:04,1,sms,2014-11,Vodafone,mobile,2.71
10,06-11-2014 9:05,1,sms,2014-11,Vodafone,mobile,10.62
29,06-11-2014 9:47,150,call,2014-11,Vodafone,mobile,13.46
31,06-11-2014 9:50,89,call,2014-11,Three,mobile,9.83
19,06-11-2014 9:52,75,call,2014-11,Meteor,mobile,0.20
11,06-11-2014 9:54,5,call,2014-11,Three,mobile,2.42
20,06-11-2014 11:47,8,call,2014-11,Vodafone,mobile,8.47
11,06-11-2014 14:52,1,sms,2014-11,Vodafone,mobile,2.85
23,06-11-2014 18:02,279,call,2014-11,Tesco,mobile,7.05
31,06-11-2014 18:07,452,call,2014-11,Vodafone,mobile,0.29
17,07-11-2014 6:58,34.429,data,2014-11,data,data,8.48
13,07-11-2014 9:33,1205,call,2014-11,Vodafone,mobile,3.79
24,07-11-2014 17:51,218,call,2014-11,Three,mobile,3.09
17,07-11-2014 21:04,1,sms,2014-11,Vodafone,mobile,1.97
2,07-11-2014 21:10,1,sms,2014-11,Vodafone,mobile,0.30
29,07-11-2014 21:12,1,sms,2014-11,Vodafone,mobile,2.94
35,07-11-2014 21:12,1,sms,2014-11,Vodafone,mobile,2.53
13,07-11-2014 21:19,1,sms,2014-11,Vodafone,mobile,9.99
11,07-11-2014 21:25,1,sms,2014-11,Vodafone,mobile,3.25
20,07-11-2014 21:31,1,sms,2014-11,Vodafone,mobile,5.67
16,07-11-2014 21:31,1,sms,2014-11,Vodafone,mobile,0.18
28,07-11-2014 22:04,1,sms,2014-11,Vodafone,mobile,0.13
11,08-11-2014 6:58,34.429,data,2014-11,data,data,9.14
31,08-11-2014 16:33,41,call,2014-11,Three,mobile,0.60
31,08-11-2014 18:18,6,call,2014-11,Tesco,mobile,1.99
8,09-11-2014 1:41,1,sms,2014-11,Three,mobile,1.44
9,09-11-2014 1:49,1,sms,2014-11,Three,mobile,13.59
2,09-11-2014 1:50,1,sms,2014-11,Three,mobile,2.00
22,09-11-2014 2:04,1,sms,2014-11,Three,mobile,2.73
4,09-11-2014 6:58,34.429,data,2014-11,data,data,9.26
18,09-11-2014 19:21,14,call,2014-11,Tesco,mobile,7.87
15,09-11-2014 22:09,3,call,2014-11,Three,mobile,2.53
6,10-11-2014 6:58,34.429,data,2014-11,data,data,0.58
5,10-11-2014 9:29,178,call,2014-11,Vodafone,mobile,2.98
27,10-11-2014 11:36,412,call,2014-11,Three,mobile,0.29
5,10-11-2014 14:59,13,call,2014-11,Three,mobile,5.19
11,10-11-2014 15:15,459,call,2014-11,Three,mobile,3.91
25,10-11-2014 18:19,1,sms,2014-11,Three,mobile,0.97
6,10-11-2014 18:34,1,sms,2014-11,Three,mobile,0.32
17,11-11-2014 6:58,34.429,data,2014-11,data,data,2.56
23,11-11-2014 9:28,3,call,2014-11,Vodafone,mobile,0.26
15,11-11-2014 11:32,3,call,2014-11,Vodafone,mobile,0.53
7,11-11-2014 11:37,1,sms,2014-11,Three,mobile,4.86
18,11-11-2014 12:39,36,call,2014-11,Three,mobile,4.87
22,11-11-2014 14:13,1,sms,2014-11,Meteor,mobile,3.80
2,11-11-2014 14:20,1,sms,2014-11,Meteor,mobile,0.38
5,11-11-2014 14:41,1,sms,2014-11,Meteor,mobile,12.02
18,11-11-2014 19:56,1,sms,2014-11,Three,mobile,10.44
14,12-11-2014 6:58,34.429,data,2014-11,data,data,5.60
7,12-11-2014 10:48,1,sms,2014-11,Vodafone,mobile,2.76
35,12-11-2014 10:48,1,sms,2014-11,Three,mobile,5.23
34,12-11-2014 10:48,1,sms,2014-11,Vodafone,mobile,4.09
2,12-11-2014 10:49,1,sms,2014-11,Three,mobile,10.40
24,12-11-2014 12:04,1,sms,2014-11,Three,mobile,0.88
32,12-11-2014 13:49,1,sms,2014-11,Vodafone,mobile,3.10
8,12-11-2014 16:16,1,sms,2014-11,Vodafone,mobile,6.17
35,12-11-2014 16:19,4,call,2014-11,landline,landline,1.99
5,12-11-2014 16:42,1,sms,2014-11,Vodafone,mobile,0.52
14,12-11-2014 16:42,1,sms,2014-11,Vodafone,mobile,14.09
32,12-11-2014 17:14,1,sms,2014-11,Vodafone,mobile,2.84
21,12-11-2014 17:14,1,sms,2014-11,Vodafone,mobile,6.16
10,12-11-2014 17:49,1,sms,2014-11,Three,mobile,0.54
6,12-11-2014 17:56,145,call,2014-11,Three,mobile,13.24
27,12-11-2014 17:59,1001,call,2014-11,Three,mobile,12.75
24,12-11-2014 19:01,7,call,2014-11,Vodafone,mobile,4.62
28,12-11-2014 19:18,1,sms,2014-11,Three,mobile,1.28
13,12-11-2014 19:18,1,sms,2014-11,Three,mobile,1.01
30,12-11-2014 19:20,1,sms,2014-11,Vodafone,mobile,0.23
26,13-11-2014 6:58,34.429,data,2014-12,data,data,6.47
32,13-11-2014 22:30,1,sms,2014-11,Three,mobile,1.09
17,13-11-2014 22:31,1,sms,2014-11,Vodafone,mobile,2.60
10,14-11-2014 6:58,34.429,data,2014-12,data,data,2.42
2,14-11-2014 17:24,124,call,2014-12,voicemail,voicemail,2.25
3,14-11-2014 17:28,1,sms,2014-12,Vodafone,mobile,0.99
24,15-11-2014 6:58,34.429,data,2014-12,data,data,2.34
19,16-11-2014 6:58,34.429,data,2014-12,data,data,1.08
25,16-11-2014 14:05,4,call,2014-12,Vodafone,mobile,1.79
29,17-11-2014 6:58,34.429,data,2014-12,data,data,0.66
5,18-11-2014 6:58,34.429,data,2014-12,data,data,4.54
13,18-11-2014 8:22,1,sms,2014-12,Vodafone,mobile,11.38
35,18-11-2014 8:29,1,sms,2014-12,Vodafone,mobile,3.42
26,18-11-2014 8:29,1,sms,2014-12,Vodafone,mobile,0.76
31,18-11-2014 8:33,1,sms,2014-12,Vodafone,mobile,1.29
32,18-11-2014 8:34,1,sms,2014-12,Vodafone,mobile,0.01
13,18-11-2014 8:34,1,sms,2014-12,Vodafone,mobile,0.49
22,18-11-2014 8:39,1,sms,2014-12,Vodafone,mobile,0.25
33,18-11-2014 8:42,1,sms,2014-12,Vodafone,mobile,5.40
13,18-11-2014 8:45,1,sms,2014-12,Vodafone,mobile,1.42
24,18-11-2014 9:35,1,sms,2014-12,Vodafone,mobile,2.94
24,19-11-2014 6:58,34.429,data,2014-12,data,data,4.97
7,19-11-2014 14:05,128,call,2014-12,Tesco,mobile,0.59
8,19-11-2014 14:11,249,call,2014-12,Meteor,mobile,8.21
16,19-11-2014 18:56,2120,call,2014-12,Three,mobile,4.56
4,19-11-2014 22:48,1,sms,2014-12,Vodafone,mobile,11.61
4,20-11-2014 6:58,34.429,data,2014-12,data,data,7.52
6,20-11-2014 14:57,71,call,2014-12,voicemail,voicemail,0.71
14,20-11-2014 14:59,56,call,2014-12,Three,mobile,1.48
2,20-11-2014 16:22,1,sms,2014-12,Meteor,mobile,1.24
7,20-11-2014 19:08,9,call,2014-12,Three,mobile,0.78
28,20-11-2014 21:03,3,call,2014-12,Three,mobile,5.65
30,20-11-2014 21:03,3,call,2014-12,Three,mobile,13.55
20,21-11-2014 0:17,17,call,2014-12,Tesco,mobile,0.09
14,21-11-2014 1:13,1,sms,2014-12,Vodafone,mobile,0.72
17,21-11-2014 6:58,34.429,data,2014-12,data,data,0.92
31,21-11-2014 10:29,1,sms,2014-12,Meteor,mobile,7.62
8,21-11-2014 10:29,1,sms,2014-12,Meteor,mobile,2.28
6,21-11-2014 10:30,1,sms,2014-12,Meteor,mobile,8.20
31,21-11-2014 11:29,8,call,2014-12,landline,landline,2.57
16,21-11-2014 11:31,982,call,2014-12,Vodafone,mobile,5.20
27,21-11-2014 11:49,11,call,2014-12,landline,landline,8.98
23,21-11-2014 11:50,34,call,2014-12,Three,mobile,5.78
23,21-11-2014 11:50,8,call,2014-12,Three,mobile,0.37
9,21-11-2014 13:31,600,call,2014-12,Tesco,mobile,3.47
31,21-11-2014 18:07,244,call,2014-12,Meteor,mobile,0.52
19,22-11-2014 2:10,186,call,2014-12,Tesco,mobile,5.13
15,22-11-2014 6:58,34.429,data,2014-12,data,data,4.28
26,22-11-2014 12:02,75,call,2014-12,Meteor,mobile,13.39
19,22-11-2014 12:10,90,call,2014-12,Vodafone,mobile,7.68
5,22-11-2014 14:30,13,call,2014-12,Vodafone,mobile,2.11
20,22-11-2014 14:33,20,call,2014-12,Vodafone,mobile,1.96
4,22-11-2014 14:34,2,call,2014-12,Vodafone,mobile,11.51
25,23-11-2014 6:58,34.429,data,2014-12,data,data,6.92
27,23-11-2014 13:24,208,call,2014-12,Three,mobile,2.35
20,23-11-2014 16:10,107,call,2014-12,Three,mobile,3.11
28,23-11-2014 17:36,55,call,2014-12,Three,mobile,0.75
29,23-11-2014 17:53,5,call,2014-12,Three,mobile,1.30
19,23-11-2014 17:53,20,call,2014-12,Three,mobile,8.32
32,23-11-2014 17:54,2,call,2014-12,Three,mobile,3.28
23,24-11-2014 6:58,34.429,data,2014-12,data,data,13.28
33,24-11-2014 9:40,1,sms,2014-12,Three,mobile,2.13
24,24-11-2014 12:24,4,call,2014-12,Meteor,mobile,11.55
24,25-11-2014 6:58,34.429,data,2014-12,data,data,2.80
6,25-11-2014 11:25,21,call,2014-12,Vodafone,mobile,13.50
20,25-11-2014 16:09,1,sms,2014-12,Meteor,mobile,0.37
19,25-11-2014 16:19,1,sms,2014-12,Meteor,mobile,5.47
14,25-11-2014 17:10,114,call,2014-12,Meteor,mobile,9.80
30,25-11-2014 18:06,1,sms,2014-12,Meteor,mobile,1.17
7,25-11-2014 18:18,81,call,2014-12,Meteor,mobile,6.10
9,25-11-2014 18:47,174,call,2014-12,voicemail,voicemail,0.23
24,25-11-2014 19:10,71,call,2014-12,Tesco,mobile,4.32
18,25-11-2014 19:20,40,call,2014-12,Tesco,mobile,4.71
30,25-11-2014 19:21,29,call,2014-12,voicemail,voicemail,8.49
34,25-11-2014 19:25,37,call,2014-12,Tesco,mobile,1.68
19,25-11-2014 19:26,63,call,2014-12,voicemail,voicemail,14.54
21,25-11-2014 20:39,1,sms,2014-12,Three,mobile,0.25
12,26-11-2014 6:58,34.429,data,2014-12,data,data,11.86
35,26-11-2014 7:03,14,call,2014-12,Meteor,mobile,1.37
31,26-11-2014 7:15,1,sms,2014-12,Vodafone,mobile,0.25
32,26-11-2014 7:57,1,sms,2014-12,Vodafone,mobile,5.54
24,26-11-2014 7:59,4,call,2014-12,Three,mobile,3.39
10,26-11-2014 8:00,1,sms,2014-12,Vodafone,mobile,0.61
22,26-11-2014 8:13,10,call,2014-12,Three,mobile,1.96
16,26-11-2014 8:16,3,call,2014-12,Three,mobile,0.21
8,26-11-2014 8:26,3,call,2014-12,Three,mobile,1.35
1,26-11-2014 8:27,3,call,2014-12,Three,mobile,1.58
15,26-11-2014 9:01,1,sms,2014-12,Meteor,mobile,3.02
28,26-11-2014 11:53,1,sms,2014-12,Meteor,mobile,1.77
25,26-11-2014 11:54,1,sms,2014-12,Meteor,mobile,2.62
26,26-11-2014 11:54,1,sms,2014-12,Meteor,mobile,3.84
11,26-11-2014 11:56,1,sms,2014-12,Meteor,mobile,9.88
15,26-11-2014 17:48,3,call,2014-12,Three,mobile,6.56
22,27-11-2014 6:58,34.429,data,2014-12,data,data,0.27
19,27-11-2014 16:53,1116,call,2014-12,Three,mobile,10.26
14,27-11-2014 18:38,1,sms,2014-12,Three,mobile,6.41
24,28-11-2014 6:58,34.429,data,2014-12,data,data,4.71
31,28-11-2014 13:05,1,sms,2014-12,Three,mobile,4.50
24,28-11-2014 13:12,1,sms,2014-12,Three,mobile,9.02
9,28-11-2014 19:03,143,call,2014-12,Tesco,mobile,3.35
30,29-11-2014 6:58,34.429,data,2014-12,data,data,1.76
9,29-11-2014 14:44,151,call,2014-12,Three,mobile,1.80
15,30-11-2014 6:58,34.429,data,2014-12,data,data,0.10
16,30-11-2014 11:45,1,sms,2014-12,Three,mobile,2.95
9,30-11-2014 11:48,1,sms,2014-12,Three,mobile,3.57
6,30-11-2014 11:48,1,sms,2014-12,Three,mobile,1.88
32,30-11-2014 12:06,1,sms,2014-12,Three,mobile,1.79
14,30-11-2014 14:24,1,sms,2014-12,Three,mobile,2.98
16,30-11-2014 14:44,1,sms,2014-12,Three,mobile,3.00
4,30-11-2014 14:51,4,call,2014-12,Three,mobile,1.54
25,01-12-2014 6:58,34.429,data,2014-12,data,data,7.11
33,01-12-2014 12:51,1,sms,2014-12,Three,mobile,4.97
18,01-12-2014 12:59,1,sms,2014-12,Three,mobile,4.27
23,02-12-2014 6:58,34.429,data,2014-12,data,data,2.60
14,02-12-2014 11:40,526,call,2014-12,Meteor,mobile,6.95
29,03-12-2014 6:58,34.429,data,2014-12,data,data,9.01
16,03-12-2014 15:01,844,call,2014-12,landline,landline,13.38
5,03-12-2014 18:10,383,call,2014-12,Tesco,mobile,8.23
24,04-12-2014 6:58,34.429,data,2014-12,data,data,3.46
9,04-12-2014 13:52,6,call,2014-12,Vodafone,mobile,8.49
4,04-12-2014 15:34,37,call,2014-12,Three,mobile,7.43
3,04-12-2014 16:02,15,call,2014-12,Meteor,mobile,8.16
21,04-12-2014 23:41,71,call,2014-12,voicemail,voicemail,8.77
14,05-12-2014 6:58,34.429,data,2014-12,data,data,1.38
28,05-12-2014 16:49,465,call,2014-12,landline,landline,0.75
27,05-12-2014 18:17,153,call,2014-12,Tesco,mobile,7.46
8,05-12-2014 18:25,826,call,2014-12,Three,mobile,5.62
15,06-12-2014 6:58,34.429,data,2014-12,data,data,6.09
32,06-12-2014 11:33,442,call,2014-12,Meteor,mobile,0.91
11,06-12-2014 18:25,1,sms,2014-12,Vodafone,mobile,3.83
18,06-12-2014 18:26,1,sms,2014-12,Tesco,mobile,9.91
32,06-12-2014 18:26,1,sms,2014-12,Vodafone,mobile,8.90
13,06-12-2014 18:27,1,sms,2014-12,world,world,1.57
35,06-12-2014 18:28,1,sms,2014-12,world,world,9.80
16,06-12-2014 19:40,191,call,2014-12,Meteor,mobile,3.02
35,07-12-2014 6:58,34.429,data,2014-12,data,data,2.50
19,07-12-2014 13:03,99,call,2014-12,voicemail,voicemail,4.95
26,07-12-2014 13:45,428,call,2014-12,Three,mobile,6.84
13,07-12-2014 14:39,3,call,2014-12,Three,mobile,8.93
34,07-12-2014 20:23,727,call,2014-12,Three,mobile,1.84
22,07-12-2014 20:36,33,call,2014-12,Tesco,mobile,0.98
12,07-12-2014 20:37,120,call,2014-12,Three,mobile,5.63
28,07-12-2014 23:22,1,sms,2014-12,world,world,0.59
1,07-12-2014 23:22,1,sms,2014-12,world,world,10.66
19,08-12-2014 6:58,34.429,data,2014-12,data,data,11.14
13,08-12-2014 17:38,55,call,2014-12,Meteor,mobile,4.50
16,09-12-2014 6:58,34.429,data,2014-12,data,data,3.20
25,09-12-2014 18:32,28,call,2014-12,Tesco,mobile,1.19
8,10-12-2014 6:58,34.429,data,2014-12,data,data,3.73
10,11-12-2014 6:58,34.429,data,2014-12,data,data,5.66
29,12-12-2014 6:58,34.429,data,2014-12,data,data,3.98
12,12-12-2014 11:00,112,call,2014-12,Vodafone,mobile,2.38
31,12-12-2014 18:14,52,call,2014-12,Vodafone,mobile,12.09
4,13-12-2014 6:58,34.429,data,2015-01,data,data,1.38
20,13-12-2014 14:56,223,call,2014-12,Three,mobile,0.49
21,14-12-2014 2:05,14,call,2014-12,landline,landline,1.37
26,14-12-2014 2:07,8,call,2014-12,landline,landline,0.86
6,14-12-2014 2:09,74,call,2014-12,landline,landline,3.59
3,14-12-2014 6:58,34.429,data,2015-01,data,data,3.64
17,14-12-2014 15:28,59,call,2014-12,voicemail,voicemail,1.34
23,14-12-2014 19:54,25,call,2014-12,Three,mobile,0.68
21,15-12-2014 6:58,34.429,data,2015-01,data,data,0.17
31,15-12-2014 19:56,1,sms,2015-01,Three,mobile,1.26
28,15-12-2014 19:58,1,sms,2015-01,Three,mobile,9.41
3,15-12-2014 20:03,4,call,2015-01,Three,mobile,7.70
35,15-12-2014 20:10,1,sms,2015-01,Vodafone,mobile,0.06
20,15-12-2014 20:10,1,sms,2015-01,Three,mobile,0.67
25,15-12-2014 23:12,1,sms,2015-01,Three,mobile,2.10
15,16-12-2014 6:58,34.429,data,2015-01,data,data,3.90
19,17-12-2014 6:58,34.429,data,2015-01,data,data,3.51
7,17-12-2014 18:08,1859,call,2015-01,Vodafone,mobile,6.59
33,17-12-2014 23:26,1,sms,2015-01,Vodafone,mobile,0.45
34,18-12-2014 6:58,34.429,data,2015-01,data,data,4.91
32,18-12-2014 12:36,61,call,2015-01,Three,mobile,3.67
17,18-12-2014 15:46,268,call,2015-01,Meteor,mobile,0.61
12,18-12-2014 15:57,192,call,2015-01,Meteor,mobile,5.60
1,18-12-2014 16:10,14,call,2015-01,Meteor,mobile,4.88
20,18-12-2014 17:54,17,call,2015-01,Three,mobile,0.45
33,18-12-2014 19:05,46,call,2015-01,Tesco,mobile,6.38
7,18-12-2014 21:58,4,call,2015-01,Meteor,mobile,2.27
29,18-12-2014 21:59,4,call,2015-01,Meteor,mobile,5.87
11,19-12-2014 6:58,34.429,data,2015-01,data,data,0.87
9,19-12-2014 8:57,1,sms,2015-01,Vodafone,mobile,5.91
15,19-12-2014 10:14,41,call,2015-01,Three,mobile,6.22
27,19-12-2014 12:40,3,call,2015-01,Three,mobile,6.91
2,19-12-2014 12:41,217,call,2015-01,Tesco,mobile,5.44
32,19-12-2014 12:41,18,call,2015-01,Three,mobile,0.45
26,19-12-2014 14:48,58,call,2015-01,Meteor,mobile,0.52
2,19-12-2014 16:49,48,call,2015-01,Tesco,mobile,4.92
13,19-12-2014 16:51,543,call,2015-01,Tesco,mobile,9.90
26,19-12-2014 17:00,131,call,2015-01,Three,mobile,4.18
26,19-12-2014 18:44,1,sms,2015-01,Vodafone,mobile,6.70
25,20-12-2014 6:58,34.429,data,2015-01,data,data,1.28
16,20-12-2014 14:39,1,sms,2015-01,Tesco,mobile,5.72
13,20-12-2014 15:20,1,sms,2015-01,Tesco,mobile,2.14
29,20-12-2014 15:53,553,call,2015-01,Meteor,mobile,9.37
1,20-12-2014 16:09,1,sms,2015-01,Tesco,mobile,12.63
30,21-12-2014 0:05,54,call,2015-01,Meteor,mobile,0.99
10,21-12-2014 6:58,34.429,data,2015-01,data,data,1.51
27,22-12-2014 6:58,34.429,data,2015-01,data,data,0.71
12,22-12-2014 10:42,489,call,2015-01,Tesco,mobile,4.59
8,22-12-2014 11:22,1,sms,2015-01,Vodafone,mobile,0.99
31,22-12-2014 11:22,1,sms,2015-01,Meteor,mobile,0.99
24,22-12-2014 13:33,46,call,2015-01,Vodafone,mobile,2.56
11,22-12-2014 14:09,1,sms,2015-01,Vodafone,mobile,8.42
24,22-12-2014 14:15,47,call,2015-01,Vodafone,mobile,3.37
33,22-12-2014 18:03,1,sms,2015-01,Vodafone,mobile,3.96
8,22-12-2014 18:03,1,sms,2015-01,Vodafone,mobile,4.96
33,22-12-2014 18:03,1,sms,2015-01,Vodafone,mobile,12.17
14,22-12-2014 19:10,1,sms,2015-01,Vodafone,mobile,0.01
20,22-12-2014 19:12,566,call,2015-01,Tesco,mobile,2.23
25,22-12-2014 19:35,1,sms,2015-01,Meteor,mobile,1.70
31,22-12-2014 19:36,1,sms,2015-01,Meteor,mobile,6.07
6,22-12-2014 23:12,956,call,2015-01,Three,mobile,1.93
33,23-12-2014 0:57,55,call,2015-01,Tesco,mobile,2.98
19,23-12-2014 6:58,34.429,data,2015-01,data,data,5.40
9,23-12-2014 9:17,145,call,2015-01,voicemail,voicemail,6.95
24,23-12-2014 11:03,40,call,2015-01,landline,landline,4.59
12,23-12-2014 12:49,449,call,2015-01,Three,mobile,1.10
16,23-12-2014 15:39,1,sms,2015-01,Vodafone,mobile,1.12
15,23-12-2014 15:40,37,call,2015-01,landline,landline,9.47
9,23-12-2014 15:43,1,sms,2015-01,Vodafone,mobile,7.40
3,23-12-2014 19:45,39,call,2015-01,voicemail,voicemail,8.89
5,23-12-2014 20:02,28,call,2015-01,landline,landline,0.98
18,23-12-2014 21:06,1,sms,2015-01,Vodafone,mobile,2.84
28,24-12-2014 6:58,34.429,data,2015-01,data,data,11.67
3,24-12-2014 13:22,4,call,2015-01,Three,mobile,1.83
26,24-12-2014 13:29,234,call,2015-01,Tesco,mobile,1.98
10,24-12-2014 13:56,165,call,2015-01,Three,mobile,0.73
14,24-12-2014 13:56,3,call,2015-01,Three,mobile,9.83
10,24-12-2014 17:06,1,sms,2015-01,Vodafone,mobile,3.71
5,24-12-2014 17:07,37,call,2015-01,Vodafone,mobile,12.75
18,24-12-2014 18:44,5,call,2015-01,Meteor,mobile,1.92
23,24-12-2014 20:44,4,call,2015-01,Meteor,mobile,0.51
25,24-12-2014 23:34,1,sms,2015-01,Three,mobile,5.07
6,25-12-2014 6:58,34.429,data,2015-01,data,data,1.68
12,25-12-2014 12:27,1,sms,2015-01,Vodafone,mobile,7.51
10,26-12-2014 6:58,34.429,data,2015-01,data,data,1.22
17,26-12-2014 11:09,101,call,2015-01,voicemail,voicemail,0.62
33,26-12-2014 11:48,1,sms,2015-01,Vodafone,mobile,2.99
13,27-12-2014 6:58,34.429,data,2015-01,data,data,0.43
16,27-12-2014 22:30,1,sms,2015-01,Meteor,mobile,4.23
18,27-12-2014 22:30,1,sms,2015-01,Meteor,mobile,0.47
6,27-12-2014 22:30,1,sms,2015-01,Meteor,mobile,6.45
32,27-12-2014 22:30,1,sms,2015-01,Meteor,mobile,1.12
24,28-12-2014 6:58,34.429,data,2015-01,data,data,0.03
25,29-12-2014 6:58,34.429,data,2015-01,data,data,7.03
2,29-12-2014 12:09,368,call,2015-01,Tesco,mobile,5.15
26,30-12-2014 6:58,34.429,data,2015-01,data,data,1.56
23,30-12-2014 11:57,1,sms,2015-01,Three,mobile,6.81
18,30-12-2014 11:57,1,sms,2015-01,Three,mobile,1.18
10,30-12-2014 12:01,1,sms,2015-01,Three,mobile,9.65
35,30-12-2014 12:01,1,sms,2015-01,Three,mobile,6.53
4,30-12-2014 12:02,1,sms,2015-01,Three,mobile,2.22
14,30-12-2014 12:03,1,sms,2015-01,Three,mobile,8.68
22,30-12-2014 12:04,1,sms,2015-01,Three,mobile,0.42
34,30-12-2014 12:04,1,sms,2015-01,Three,mobile,0.55
31,30-12-2014 12:05,1,sms,2015-01,Three,mobile,1.02
34,30-12-2014 12:05,1,sms,2015-01,Three,mobile,1.30
31,30-12-2014 12:05,1,sms,2015-01,Three,mobile,4.01
11,30-12-2014 12:05,1,sms,2015-01,Three,mobile,0.33
19,30-12-2014 12:06,1,sms,2015-01,Three,mobile,4.86
3,30-12-2014 12:10,1,sms,2015-01,Three,mobile,5.20
25,30-12-2014 12:10,1,sms,2015-01,Three,mobile,5.46
19,30-12-2014 12:10,1,sms,2015-01,Three,mobile,0.70
11,30-12-2014 12:13,1,sms,2015-01,Three,mobile,0.18
10,30-12-2014 12:14,1,sms,2015-01,Three,mobile,0.55
6,30-12-2014 12:14,1,sms,2015-01,Three,mobile,6.48
3,31-12-2014 6:58,34.429,data,2015-01,data,data,0.87
33,31-12-2014 13:00,5,call,2015-01,Meteor,mobile,9.15
27,31-12-2014 13:03,358,call,2015-01,Meteor,mobile,0.51
33,31-12-2014 13:49,526,call,2015-01,landline,landline,1.90
24,31-12-2014 23:05,1,sms,2015-01,Vodafone,mobile,1.62
28,31-12-2014 23:37,1,sms,2015-01,Vodafone,mobile,2.72
21,31-12-2014 23:37,1,sms,2015-01,Vodafone,mobile,1.94
3,31-12-2014 23:37,1,sms,2015-01,Vodafone,mobile,10.02
21,01-01-2015 6:58,34.429,data,2015-01,data,data,2.52
8,02-01-2015 6:58,34.429,data,2015-01,data,data,2.15
1,02-01-2015 11:27,640,call,2015-01,Vodafone,mobile,3.17
34,02-01-2015 23:26,1,sms,2015-01,Meteor,mobile,1.15
25,02-01-2015 23:28,1,sms,2015-01,Meteor,mobile,6.65
8,03-01-2015 6:58,34.429,data,2015-01,data,data,0.34
23,03-01-2015 12:01,158,call,2015-01,Vodafone,mobile,0.51
12,04-01-2015 0:57,104,call,2015-01,Three,mobile,11.14
22,04-01-2015 6:58,34.429,data,2015-01,data,data,14.00
15,04-01-2015 14:20,3,call,2015-01,Vodafone,mobile,6.61
20,04-01-2015 14:31,6,call,2015-01,Vodafone,mobile,3.81
19,04-01-2015 14:32,41,call,2015-01,Vodafone,mobile,6.41
16,05-01-2015 6:58,34.429,data,2015-01,data,data,14.89
7,05-01-2015 9:49,56,call,2015-01,landline,landline,6.64
33,05-01-2015 9:51,128,call,2015-01,landline,landline,0.15
26,05-01-2015 10:10,77,call,2015-01,Three,mobile,3.41
15,05-01-2015 10:25,5,call,2015-01,Three,mobile,4.09
14,05-01-2015 10:25,1,sms,2015-01,Three,mobile,3.27
19,05-01-2015 10:52,1,sms,2015-01,Three,mobile,3.80
9,05-01-2015 10:56,144,call,2015-01,landline,landline,7.29
16,05-01-2015 11:58,99,call,2015-01,Meteor,mobile,7.95
4,05-01-2015 14:29,60,call,2015-01,landline,landline,2.27
6,05-01-2015 16:41,682,call,2015-01,Three,mobile,4.53
16,05-01-2015 17:22,36,call,2015-01,Tesco,mobile,0.61
11,05-01-2015 20:23,734,call,2015-01,Three,mobile,0.64
22,06-01-2015 6:58,34.429,data,2015-01,data,data,8.65
7,06-01-2015 9:04,1,sms,2015-01,Three,mobile,5.60
14,06-01-2015 9:04,1,sms,2015-01,Three,mobile,4.68
6,06-01-2015 13:28,16,call,2015-01,Meteor,mobile,1.69
35,06-01-2015 13:29,295,call,2015-01,Vodafone,mobile,6.98
2,06-01-2015 13:55,1,sms,2015-01,Vodafone,mobile,1.31
11,06-01-2015 19:17,106,call,2015-01,Meteor,mobile,0.47
21,06-01-2015 20:40,29,call,2015-01,Vodafone,mobile,9.95
9,07-01-2015 6:58,34.429,data,2015-01,data,data,1.85
17,07-01-2015 9:28,1,sms,2015-01,Vodafone,mobile,2.84
9,07-01-2015 21:20,1,sms,2015-01,Vodafone,mobile,0.95
6,07-01-2015 21:20,1,sms,2015-01,Vodafone,mobile,5.64
4,08-01-2015 6:58,34.429,data,2015-01,data,data,1.06
4,08-01-2015 15:02,4,call,2015-01,Meteor,mobile,5.22
35,08-01-2015 15:10,3,call,2015-01,Meteor,mobile,6.71
21,08-01-2015 15:10,23,call,2015-01,Meteor,mobile,1.77
28,08-01-2015 20:15,290,call,2015-01,Tesco,mobile,4.23
15,08-01-2015 20:26,1,sms,2015-01,Vodafone,mobile,8.86
12,08-01-2015 20:30,12,call,2015-01,Tesco,mobile,9.38
1,08-01-2015 20:31,1247,call,2015-01,Three,mobile,5.50
17,08-01-2015 22:41,1,sms,2015-01,Vodafone,mobile,6.54
21,08-01-2015 22:41,1,sms,2015-01,Vodafone,mobile,2.25
2,08-01-2015 22:52,1,sms,2015-01,Vodafone,mobile,2.11
19,08-01-2015 22:52,1,sms,2015-01,Vodafone,mobile,4.11
16,08-01-2015 23:06,1,sms,2015-01,Vodafone,mobile,4.19
17,08-01-2015 23:06,1,sms,2015-01,Vodafone,mobile,4.77
27,09-01-2015 6:58,34.429,data,2015-01,data,data,0.35
24,09-01-2015 9:25,1,sms,2015-01,Meteor,mobile,4.18
18,09-01-2015 9:43,33,call,2015-01,Three,mobile,2.42
15,09-01-2015 10:07,4,call,2015-01,Vodafone,mobile,4.30
12,09-01-2015 17:32,57,call,2015-01,Vodafone,mobile,1.22
9,10-01-2015 6:58,34.429,data,2015-01,data,data,1.76
7,10-01-2015 14:10,2,call,2015-01,Three,mobile,0.84
35,10-01-2015 14:36,6,call,2015-01,Vodafone,mobile,0.49
18,10-01-2015 14:44,398,call,2015-01,Vodafone,mobile,6.56
4,10-01-2015 15:58,412,call,2015-01,Meteor,mobile,1.09
24,10-01-2015 16:57,568,call,2015-01,Three,mobile,1.98
15,10-01-2015 21:16,1,sms,2015-01,Vodafone,mobile,4.34
3,10-01-2015 21:16,1,sms,2015-01,Vodafone,mobile,1.60
25,11-01-2015 6:58,34.429,data,2015-01,data,data,9.91
34,11-01-2015 13:29,1,sms,2015-01,Vodafone,mobile,0.50
24,11-01-2015 13:54,201,call,2015-01,Three,mobile,3.99
19,12-01-2015 6:58,34.429,data,2015-01,data,data,5.78
4,12-01-2015 12:01,18,call,2015-01,Meteor,mobile,2.01
4,12-01-2015 12:01,7,call,2015-01,Meteor,mobile,1.71
24,12-01-2015 18:23,4,call,2015-01,Three,mobile,2.13
22,12-01-2015 18:26,1,sms,2015-01,Vodafone,mobile,2.43
7,12-01-2015 18:26,1,sms,2015-01,Vodafone,mobile,5.85
16,13-01-2015 6:58,34.429,data,2015-02,data,data,2.92
23,13-01-2015 15:04,503,call,2015-01,Three,mobile,1.91
2,13-01-2015 19:09,1,sms,2015-01,Three,mobile,0.99
15,13-01-2015 19:44,1,sms,2015-01,Three,mobile,2.69
25,13-01-2015 19:44,1,sms,2015-01,Three,mobile,1.79
30,13-01-2015 19:57,1,sms,2015-01,Vodafone,mobile,1.70
29,13-01-2015 19:57,1,sms,2015-01,Vodafone,mobile,6.56
25,13-01-2015 19:58,105,call,2015-01,landline,landline,8.73
15,13-01-2015 20:00,466,call,2015-01,landline,landline,6.17
23,14-01-2015 6:58,34.429,data,2015-02,data,data,2.07
35,14-01-2015 17:15,13,call,2015-01,landline,landline,2.38
10,14-01-2015 19:16,397,call,2015-01,Three,mobile,1.99
34,14-01-2015 20:47,36,call,2015-01,Three,mobile,2.28
13,14-01-2015 23:34,1,sms,2015-01,Vodafone,mobile,1.43
1,14-01-2015 23:34,1,sms,2015-01,Vodafone,mobile,6.75
1,14-01-2015 23:35,1,sms,2015-01,Three,mobile,4.52
3,14-01-2015 23:36,1,sms,2015-01,Three,mobile,1.80
9,15-01-2015 6:58,34.429,data,2015-02,data,data,12.26
27,15-01-2015 10:36,28,call,2015-02,Three,mobile,1.06
5,15-01-2015 12:23,1,sms,2015-02,special,special,4.94
25,15-01-2015 17:22,168,call,2015-02,Tesco,mobile,0.72
31,16-01-2015 6:58,34.429,data,2015-02,data,data,3.25
23,16-01-2015 9:45,1,call,2015-02,Meteor,mobile,4.06
12,16-01-2015 9:56,61,call,2015-02,Meteor,mobile,7.98
32,16-01-2015 10:17,14,call,2015-02,Three,mobile,0.53
13,16-01-2015 10:25,20,call,2015-02,Three,mobile,3.13
19,16-01-2015 17:46,411,call,2015-02,Tesco,mobile,0.60
20,16-01-2015 18:07,1,sms,2015-02,Vodafone,mobile,2.26
33,16-01-2015 18:07,1,sms,2015-02,Vodafone,mobile,3.41
7,16-01-2015 18:07,1,sms,2015-02,Vodafone,mobile,4.51
26,16-01-2015 18:07,1,sms,2015-02,Vodafone,mobile,1.00
34,16-01-2015 18:07,1,sms,2015-02,Three,mobile,0.59
32,16-01-2015 18:07,1,sms,2015-02,Three,mobile,4.11
15,17-01-2015 6:58,34.429,data,2015-02,data,data,0.08
11,17-01-2015 18:50,78,call,2015-02,Three,mobile,9.79
34,17-01-2015 21:59,82,call,2015-02,Tesco,mobile,9.85
10,18-01-2015 6:58,34.429,data,2015-02,data,data,1.15
19,18-01-2015 16:27,478,call,2015-02,Three,mobile,6.32
13,18-01-2015 17:04,700,call,2015-02,Tesco,mobile,1.74
1,19-01-2015 6:58,34.429,data,2015-02,data,data,0.91
33,19-01-2015 12:44,1,sms,2015-02,Vodafone,mobile,2.52
3,19-01-2015 19:57,103,call,2015-02,Tesco,mobile,2.65
25,19-01-2015 20:08,53,call,2015-02,Tesco,mobile,3.63
35,19-01-2015 20:14,38,call,2015-02,Tesco,mobile,0.83
31,20-01-2015 6:58,34.429,data,2015-02,data,data,11.26
5,20-01-2015 15:08,1,sms,2015-02,Vodafone,mobile,2.69
10,20-01-2015 19:49,1,sms,2015-02,Vodafone,mobile,2.14
10,20-01-2015 20:23,1,sms,2015-02,Vodafone,mobile,8.22
20,21-01-2015 6:58,34.429,data,2015-02,data,data,4.86
2,21-01-2015 10:13,48,call,2015-02,Three,mobile,11.41
18,21-01-2015 14:36,93,call,2015-02,voicemail,voicemail,4.24
30,21-01-2015 14:44,1,sms,2015-02,Vodafone,mobile,6.48
21,21-01-2015 15:56,27,call,2015-02,voicemail,voicemail,2.56
5,21-01-2015 15:57,265,call,2015-02,Three,mobile,4.02
18,21-01-2015 18:04,777,call,2015-02,Tesco,mobile,10.18
32,21-01-2015 19:38,1090,call,2015-02,Meteor,mobile,0.99
19,21-01-2015 19:59,491,call,2015-02,Vodafone,mobile,0.36
25,22-01-2015 6:58,34.429,data,2015-02,data,data,1.98
2,22-01-2015 18:59,41,call,2015-02,voicemail,voicemail,1.62
12,22-01-2015 19:00,1107,call,2015-02,Vodafone,mobile,0.87
3,23-01-2015 6:58,34.429,data,2015-02,data,data,7.66
12,23-01-2015 12:56,29,call,2015-02,landline,landline,7.08
9,23-01-2015 14:32,200,call,2015-02,Tesco,mobile,3.22
1,23-01-2015 15:09,129,call,2015-02,Three,mobile,11.63
18,23-01-2015 15:22,1,sms,2015-02,Vodafone,mobile,0.41
7,23-01-2015 15:24,1,sms,2015-02,Vodafone,mobile,3.37
19,23-01-2015 15:37,1,sms,2015-02,Vodafone,mobile,8.00
5,23-01-2015 21:22,206,call,2015-02,Tesco,mobile,6.28
30,24-01-2015 6:58,34.429,data,2015-02,data,data,1.78
16,25-01-2015 6:58,34.429,data,2015-02,data,data,12.33
8,25-01-2015 9:16,4,call,2015-02,Vodafone,mobile,4.73
19,25-01-2015 16:55,1863,call,2015-02,Three,mobile,3.73
23,26-01-2015 6:58,34.429,data,2015-02,data,data,5.53
19,26-01-2015 16:54,104,call,2015-02,Three,mobile,1.91
22,26-01-2015 17:15,501,call,2015-02,Three,mobile,5.20
21,27-01-2015 6:58,34.429,data,2015-02,data,data,8.90
29,27-01-2015 9:36,37,call,2015-02,Three,mobile,5.76
9,27-01-2015 10:55,36,call,2015-02,Meteor,mobile,6.55
16,28-01-2015 6:58,34.429,data,2015-02,data,data,1.91
23,28-01-2015 9:44,8,call,2015-02,Vodafone,mobile,0.66
2,28-01-2015 10:02,7,call,2015-02,landline,landline,11.51
22,28-01-2015 15:53,272,call,2015-02,landline,landline,6.22
35,29-01-2015 6:58,34.429,data,2015-02,data,data,0.36
6,29-01-2015 11:35,1,sms,2015-02,Vodafone,mobile,4.75
23,29-01-2015 11:50,1,sms,2015-02,Vodafone,mobile,9.53
14,29-01-2015 17:11,255,call,2015-02,Tesco,mobile,3.17
3,29-01-2015 17:19,1,sms,2015-02,Vodafone,mobile,3.93
22,29-01-2015 17:58,362,call,2015-02,Three,mobile,0.75
1,29-01-2015 18:05,100,call,2015-02,Tesco,mobile,0.95
35,29-01-2015 19:27,74,call,2015-02,Tesco,mobile,6.21
10,30-01-2015 6:58,34.429,data,2015-02,data,data,5.49
35,30-01-2015 19:43,33,call,2015-02,Tesco,mobile,0.00
5,30-01-2015 19:56,45,call,2015-02,Tesco,mobile,12.35
30,31-01-2015 6:58,34.429,data,2015-02,data,data,3.47
34,31-01-2015 12:48,31,call,2015-02,Tesco,mobile,5.18
15,31-01-2015 13:14,7,call,2015-02,Vodafone,mobile,8.13
33,01-02-2015 6:58,34.429,data,2015-02,data,data,7.99
4,01-02-2015 13:33,103,call,2015-02,landline,landline,5.88
16,02-02-2015 6:58,34.429,data,2015-02,data,data,4.26
33,02-02-2015 17:11,280,call,2015-02,Tesco,mobile,3.48
3,02-02-2015 17:16,183,call,2015-02,Tesco,mobile,6.42
8,02-02-2015 17:35,1,sms,2015-02,Tesco,mobile,2.56
27,02-02-2015 17:35,1,sms,2015-02,Tesco,mobile,6.85
26,02-02-2015 17:35,1,sms,2015-02,Three,mobile,0.46
11,02-02-2015 17:35,1,sms,2015-02,Three,mobile,6.47
3,02-02-2015 18:17,7,call,2015-02,landline,landline,9.18
12,03-02-2015 6:58,34.429,data,2015-02,data,data,1.31
19,03-02-2015 14:45,6,call,2015-02,Three,mobile,0.55
16,04-02-2015 6:58,34.429,data,2015-02,data,data,0.82
11,04-02-2015 12:36,21,call,2015-02,voicemail,voicemail,5.82
18,04-02-2015 14:52,227,call,2015-02,Tesco,mobile,3.19
13,04-02-2015 17:04,1,sms,2015-02,special,special,4.44
24,05-02-2015 6:58,34.429,data,2015-02,data,data,5.68
34,05-02-2015 13:37,62,call,2015-02,voicemail,voicemail,1.85
16,05-02-2015 13:38,91,call,2015-02,landline,landline,0.67
3,06-02-2015 6:58,34.429,data,2015-02,data,data,1.84
29,06-02-2015 10:36,24,call,2015-02,voicemail,voicemail,1.62
30,06-02-2015 10:37,128,call,2015-02,Vodafone,mobile,2.92
2,06-02-2015 18:39,23,call,2015-02,Three,mobile,0.06
1,06-02-2015 18:41,51,call,2015-02,Three,mobile,0.66
20,07-02-2015 6:58,34.429,data,2015-02,data,data,3.28
27,07-02-2015 9:48,1,sms,2015-02,Vodafone,mobile,1.71
34,07-02-2015 9:48,1,sms,2015-02,Vodafone,mobile,1.74
34,07-02-2015 10:03,119,call,2015-02,Vodafone,mobile,4.88
6,07-02-2015 11:13,1,sms,2015-02,Vodafone,mobile,0.93
13,07-02-2015 11:37,4,call,2015-02,Three,mobile,2.23
9,07-02-2015 15:04,1,sms,2015-02,Vodafone,mobile,5.21
6,07-02-2015 16:06,1,sms,2015-02,Three,mobile,7.72
23,07-02-2015 16:11,1,sms,2015-02,Three,mobile,2.74
23,07-02-2015 16:11,1,sms,2015-02,Three,mobile,8.56
7,07-02-2015 16:16,1,sms,2015-02,Three,mobile,3.51
10,07-02-2015 16:27,141,call,2015-02,landline,landline,7.90
3,07-02-2015 17:33,795,call,2015-02,Three,mobile,1.24
5,07-02-2015 17:56,121,call,2015-02,Tesco,mobile,11.35
32,07-02-2015 18:23,2,call,2015-02,Three,mobile,1.64
2,07-02-2015 22:18,1,sms,2015-02,Three,mobile,3.19
3,07-02-2015 22:30,1,sms,2015-02,Three,mobile,7.96
21,07-02-2015 22:30,1,sms,2015-02,Three,mobile,6.99
27,08-02-2015 6:58,34.429,data,2015-02,data,data,0.98
32,08-02-2015 20:54,80,call,2015-02,landline,landline,0.32
10,09-02-2015 6:58,34.429,data,2015-02,data,data,5.65
27,09-02-2015 9:08,653,call,2015-02,Three,mobile,5.19
1,09-02-2015 17:41,729,call,2015-02,Three,mobile,3.37
9,09-02-2015 17:54,89,call,2015-02,Three,mobile,4.07
27,09-02-2015 18:32,1,sms,2015-02,Vodafone,mobile,2.83
32,09-02-2015 22:54,1,sms,2015-02,Meteor,mobile,1.62
34,10-02-2015 0:24,1,sms,2015-02,Vodafone,mobile,9.35
21,10-02-2015 0:24,1,sms,2015-02,Vodafone,mobile,6.19
19,10-02-2015 6:58,34.429,data,2015-02,data,data,4.32
29,10-02-2015 21:40,1,sms,2015-02,Vodafone,mobile,3.46
6,11-02-2015 6:58,34.429,data,2015-02,data,data,1.66
12,12-02-2015 6:58,34.429,data,2015-02,data,data,4.92
3,12-02-2015 20:15,69,call,2015-03,landline,landline,1.59
33,12-02-2015 20:51,86,call,2015-03,Tesco,mobile,0.56
24,13-02-2015 6:58,34.429,data,2015-03,data,data,1.15
24,13-02-2015 10:58,451,call,2015-03,Vodafone,mobile,2.71
33,13-02-2015 21:13,8,call,2015-03,Vodafone,mobile,2.12
24,14-02-2015 6:58,34.429,data,2015-03,data,data,10.10
7,14-02-2015 15:40,106,call,2015-03,Three,mobile,5.00
8,14-02-2015 16:06,148,call,2015-03,Tesco,mobile,1.30
3,15-02-2015 6:58,34.429,data,2015-03,data,data,4.45
17,15-02-2015 18:44,21,call,2015-03,landline,landline,0.60
4,16-02-2015 6:58,34.429,data,2015-03,data,data,6.26
20,17-02-2015 6:58,34.429,data,2015-03,data,data,3.52
12,17-02-2015 15:59,24,call,2015-03,Meteor,mobile,10.01
32,17-02-2015 19:09,2328,call,2015-03,Three,mobile,2.54
30,18-02-2015 6:58,34.429,data,2015-03,data,data,5.18
26,18-02-2015 18:49,165,call,2015-03,Tesco,mobile,7.74
6,18-02-2015 19:56,94,call,2015-03,Three,mobile,0.40
21,19-02-2015 6:58,34.429,data,2015-03,data,data,1.07
28,19-02-2015 18:46,1,sms,2015-03,Vodafone,mobile,2.04
21,19-02-2015 22:00,1,sms,2015-03,Vodafone,mobile,2.03
22,19-02-2015 22:00,1,sms,2015-03,Vodafone,mobile,4.62
9,19-02-2015 22:00,1,sms,2015-03,Vodafone,mobile,5.00
11,20-02-2015 6:58,34.429,data,2015-03,data,data,5.94
8,20-02-2015 13:45,68,call,2015-03,Vodafone,mobile,2.38
24,21-02-2015 6:58,34.429,data,2015-03,data,data,2.68
4,22-02-2015 6:58,34.429,data,2015-03,data,data,11.27
23,23-02-2015 6:58,34.429,data,2015-03,data,data,7.35
13,23-02-2015 20:49,182,call,2015-03,landline,landline,3.92
26,24-02-2015 6:58,34.429,data,2015-03,data,data,12.06
30,24-02-2015 10:05,107,call,2015-03,voicemail,voicemail,0.43
31,24-02-2015 13:32,1,sms,2015-03,Three,mobile,1.58
18,24-02-2015 13:32,1,sms,2015-03,Three,mobile,4.36
10,25-02-2015 6:58,34.429,data,2015-03,data,data,2.65
23,25-02-2015 12:56,117,call,2015-03,Tesco,mobile,5.19
4,25-02-2015 12:58,129,call,2015-03,Vodafone,mobile,7.17
26,25-02-2015 13:15,356,call,2015-03,Three,mobile,6.07
24,25-02-2015 13:21,1,sms,2015-03,Tesco,mobile,3.51
14,25-02-2015 13:22,1,sms,2015-03,Tesco,mobile,0.47
27,25-02-2015 13:22,1,sms,2015-03,Tesco,mobile,5.54
9,25-02-2015 13:22,1,sms,2015-03,Tesco,mobile,4.20
20,25-02-2015 13:26,194,call,2015-03,Tesco,mobile,6.35
10,25-02-2015 13:46,229,call,2015-03,Tesco,mobile,0.67
13,25-02-2015 15:45,32,call,2015-03,Vodafone,mobile,4.54
22,26-02-2015 6:58,34.429,data,2015-03,data,data,3.70
34,26-02-2015 16:38,570,call,2015-03,Vodafone,mobile,4.51
13,26-02-2015 22:34,29,call,2015-03,voicemail,voicemail,2.51
11,27-02-2015 6:58,34.429,data,2015-03,data,data,2.55
4,27-02-2015 13:50,27,call,2015-03,Three,mobile,0.10
32,27-02-2015 14:33,107,call,2015-03,Three,mobile,8.41
10,27-02-2015 14:36,128,call,2015-03,Vodafone,mobile,3.48
29,28-02-2015 6:58,34.429,data,2015-03,data,data,0.72
11,28-02-2015 14:09,335,call,2015-03,landline,landline,1.86
5,28-02-2015 14:57,49,call,2015-03,Meteor,mobile,5.36
8,28-02-2015 15:09,5,call,2015-03,Three,mobile,1.40
26,28-02-2015 15:49,305,call,2015-03,landline,landline,6.56
27,28-02-2015 16:00,207,call,2015-03,landline,landline,1.55
13,28-02-2015 17:13,11,call,2015-03,landline,landline,0.85
2,28-02-2015 17:14,3,call,2015-03,landline,landline,4.75
33,28-02-2015 17:17,33,call,2015-03,landline,landline,2.31
13,28-02-2015 21:25,357,call,2015-03,Three,mobile,0.55
26,28-02-2015 21:55,1,sms,2015-03,Vodafone,mobile,9.98
9,28-02-2015 22:39,1,sms,2015-03,Three,mobile,1.26
15,01-03-2015 6:58,34.429,data,2015-03,data,data,0.70
10,01-03-2015 12:19,9,call,2015-03,Meteor,mobile,9.36
30,02-03-2015 6:58,34.429,data,2015-03,data,data,5.75
3,02-03-2015 9:19,1,sms,2015-03,Vodafone,mobile,6.48
29,02-03-2015 9:19,1,sms,2015-03,Vodafone,mobile,0.37
22,02-03-2015 9:23,1,sms,2015-03,Vodafone,mobile,0.64
20,02-03-2015 9:30,1,sms,2015-03,Vodafone,mobile,2.18
15,02-03-2015 9:30,1,sms,2015-03,Vodafone,mobile,0.94
20,02-03-2015 13:07,463,call,2015-03,Three,mobile,0.44
35,02-03-2015 14:53,2,call,2015-03,voicemail,voicemail,0.40
1,02-03-2015 14:54,93,call,2015-03,voicemail,voicemail,8.26
13,02-03-2015 17:35,192,call,2015-03,Meteor,mobile,5.68
22,02-03-2015 20:48,34,call,2015-03,Tesco,mobile,1.58
27,03-03-2015 6:58,34.429,data,2015-03,data,data,9.88
34,03-03-2015 9:57,76,call,2015-03,landline,landline,2.86
19,03-03-2015 9:59,355,call,2015-03,Three,mobile,2.91
20,03-03-2015 10:12,745,call,2015-03,Vodafone,mobile,0.32
21,03-03-2015 10:27,57,call,2015-03,Vodafone,mobile,0.65
24,03-03-2015 14:34,1325,call,2015-03,Vodafone,mobile,5.13
6,03-03-2015 18:36,768,call,2015-03,Three,mobile,5.52
13,04-03-2015 6:58,34.429,data,2015-03,data,data,0.07
31,04-03-2015 7:02,1,sms,2015-03,Vodafone,mobile,9.21
28,04-03-2015 7:16,1,sms,2015-03,Vodafone,mobile,5.86
4,04-03-2015 10:30,1,sms,2015-03,Three,mobile,3.96
5,04-03-2015 10:30,1,sms,2015-03,Three,mobile,2.33
5,04-03-2015 12:29,10528,call,2015-03,landline,landline,0.78
5,05-03-2015 6:58,34.429,data,2015-03,data,data,5.09
19,06-03-2015 6:58,34.429,data,2015-03,data,data,0.95
35,07-03-2015 6:58,34.429,data,2015-03,data,data,1.57
5,08-03-2015 6:58,34.429,data,2015-03,data,data,5.75
10,09-03-2015 6:58,34.429,data,2015-03,data,data,4.06
14,10-03-2015 6:58,34.429,data,2015-03,data,data,5.14
32,11-03-2015 6:58,34.429,data,2015-03,data,data,0.94
13,12-03-2015 6:58,34.429,data,2015-03,data,data,4.53
2,13-03-2015 0:38,1,sms,2015-03,world,world,1.20
22,13-03-2015 0:39,1,sms,2015-03,Vodafone,mobile,1.06
29,13-03-2015 6:58,34.429,data,2015-03,data,data,1.06
12,14-03-2015 0:13,1,sms,2015-03,world,world,6.02
3,14-03-2015 0:16,1,sms,2015-03,world,world,1.27
